year,builtupArea
1990,29.054
1991,29.0686
1992,29.0832
1993,29.0978
1994,29.1124
1995,29.127
1996,29.1416
1997,29.156200000000002
1998,29.1708
1999,29.1854
2000,29.2
2001,29.2146
2002,29.2292
2003,29.2438
2004,29.2584
2005,29.273
2006,29.2876
2007,29.3022
2008,29.3168
2009,29.3314
2010,29.346
2011,29.3606
2012,29.3752
2013,29.3898
2014,29.4044
2015,29.419
2016,29.433600000000002
2017,29.4482
2018,29.4628
2019,29.4774
2020,29.492
2021,29.5066
2022,29.5212
