year,builtupArea
2004,615.875
2005,616.183
2006,616.491
2007,616.799
2008,617.107
2009,617.4150000000001
2010,617.7230000000001
2011,618.0310000000001
2012,618.339
2013,618.647
2014,618.955
2015,619.263
2016,619.571
2017,619.879
2018,620.187
2019,620.495
2020,620.803
2021,621.111
2022,621.419
