year,builtupArea
2004,615.944
2005,616.252
2006,616.56
2007,616.8679999999999
2008,617.1759999999999
2009,617.484
2010,617.792
2011,618.1
2012,618.408
2013,618.716
2014,619.024
2015,619.332
2016,619.64
2017,619.948
2018,620.256
2019,620.564
2020,620.872
2021,621.18
2022,621.4879999999999
